,Movie Name,Rating
0,Jack Reacher,7.0
1,The Hunger Games,7.3
2,The Dark Knight Rises,8.5
3,Django Unchained,8.4
4,Les Misérables,7.6
5,The Perks of Being a Wallflower,8.0
6,The Avengers,8.1
7,Snow White and the Huntsman,6.1
8,The Place Beyond the Pines,7.3
9,Prometheus,7.0
10,Moonrise Kingdom,7.8
11,The Twilight Saga: Breaking Dawn - Part 2,5.5
12,The Hobbit: An Unexpected Journey,7.9
13,Pitch Perfect,7.2
14,Silver Linings Playbook,7.8
15,Lawless,7.3
16,Cloud Atlas,7.5
17,Skyfall,7.8
18,Looper,7.4
19,Battleship,5.9
20,Magic Mike,6.1
21,Jagten,8.3
22,Wreck-It Ralph,7.8
23,The Vow,6.8
24,Argo,7.7
25,The Amazing Spider-Man,7.0
26,Spring Breakers,5.3
27,Dag,8.3
28,John Carter,6.6
29,Flight,7.3
30,Lincoln,7.4
31,Dredd,7.1
32,Dark Shadows,6.2
33,The Cabin in the Woods,7.0
34,21 Jump Street,7.2
35,Zero Dark Thirty,7.4
36,Life of Pi,8.0
37,Anna Karenina,6.6
38,The Impossible,7.6
39,Total Recall,6.3
40,End of Watch,7.7
41,Underworld: Awakening,6.4
42,The Bourne Legacy,6.7
43,That's My Boy,5.6
44,Red Dawn,5.4
45,The Master,7.1
46,Sinister,6.8
47,Project X,6.7
48,Seven Psychopaths,7.2
49,Stuck in Love,7.3
50,Ted,7.0
51,Brave,7.2
52,Rise of the Guardians,7.3
53,The Lucky One,6.5
54,The First Time,7.0
55,Red Tails,5.9
56,American Reunion,6.7
57,The Dictator,6.4
58,Here Comes the Boom,6.4
59,Savages,6.5
60,Chronicle,7.1
61,Hotel Transylvania,7.1
62,The Iceman,6.9
63,Men in Black 3,6.8
64,The Raven,6.4
65,Rock of Ages,5.9
66,This Means War,6.3
67,Mud,7.4
68,Rust and Bone,7.5
69,ParaNorman,7.0
70,This Is 40,6.2
71,On the Road,6.1
72,Safe House,6.8
73,Ice Age: Continental Drift,6.6
74,House at the End of the Street,5.6
75,The Expendables 2,6.7
76,Trouble with the Curve,6.8
77,Would You Rather,5.8
78,The Possession,5.9
79,Journey 2: The Mysterious Island,5.8
80,Resident Evil: Retribution,5.4
81,Wrath of the Titans,5.8
82,Silent Hill: Revelation 3D,5.0
83,Abraham Lincoln: Vampire Hunter,5.9
84,Wanderlust,5.6
85,V/H/S,5.8
86,A Royal Affair,7.6
87,The Three Stooges,5.1
88,Upside Down,6.4
89,The Woman in Black,6.4
90,Mirror Mirror,5.6
91,To the Wonder,5.9
92,Step Up Revolution,6.5
93,The Man with the Iron Fists,5.4
94,What to Expect When You're Expecting,5.7
95,Get the Gringo,7.0
96,The Five-Year Engagement,6.2
97,LOL,4.3
98,Seeking a Friend for the End of the World,6.7
99,The Campaign,6.2
100,Safe,6.5
101,Taken 2,6.3
102,Act of Valor,6.5
103,Ruby Sparks,7.2
104,Bachelorette,5.3
105,Killing Them Softly,6.2
106,Hitchcock,6.8
107,The Lorax,6.5
108,Passion,5.3
109,The Paperboy,5.8
110,The Watch,5.7
111,The Baytown Outlaws,6.3
112,Think Like a Man,6.6
113,Byzantium,6.5
114,Maniac,6.1
115,Bullet to the Head,5.7
116,The Broken Circle Breakdown,7.8
117,To Rome with Love,6.3
118,Frances Ha,7.4
119,Chasing Mavericks,7.2
120,The Words,7.1
121,Amour,7.9
122,Disconnect,7.6
123,The Pirates! Band of Misfits,6.7
124,One for the Money,5.3
125,Contraband,6.5
126,Excision,6.1
127,The Body,7.5
128,Safety Not Guaranteed,7.0
129,Red Lights,6.2
130,Iron Sky,5.9
131,The Odd Life of Timothy Green,6.6
132,Stolen,5.5
133,Frankenweenie,7.0
134,The Company You Keep,6.4
135,Madagascar 3: Europe's Most Wanted,6.9
136,A Perfect Ending,5.9
137,Man on a Ledge,6.6
138,Lockout,6.1
139,Promised Land,6.6
140,Joyful Noise,5.7
141,The Samaritan,5.6
142,Great Expectations,6.4
143,ATM,4.7
144,The Brass Teapot,6.4
145,Chernobyl Diaries,5.0
146,Playing for Keeps,5.7
147,People Like Us,7.1
148,Premium Rush,6.5
149,Hit and Run,6.1
150,Piranha 3DD,3.8
151,The Lords of Salem,5.1
152,Dark Blood,6.7
153,American Mary,6.3
154,The Cold Light of Day,4.9
155,Beasts of the Southern Wild,7.3
156,Kon-Tiki,7.2
157,Now Is Good,7.2
158,Diary of a Wimpy Kid: Dog Days,6.4
159,Gone,5.9
160,Sap ji sang ciu,6.2
161,Fire with Fire,5.7
162,Gangs of Wasseypur,8.3
163,Ookami kodomo no Ame to Yuki,8.2
164,Liberal Arts,6.7
165,The Collection,6.1
166,Holy Motors,7.1
167,About Cherry,4.8
168,Alex Cross,5.1
169,The Magic of Belle Isle,7.0
170,Rurôni Kenshin: Meiji kenkaku roman tan,7.6
171,Deadfall,6.3
172,John Dies at the End,6.4
173,Stand Up Guys,6.5
174,No,7.4
175,Thanks for Sharing,6.4
176,6 Bullets,6.1
177,Arbitrage,6.6
178,The Apparition,4.1
179,The Sessions,7.2
180,Starlet,6.8
181,Parental Guidance,6.1
182,Dans la maison,7.4
183,Cosmopolis,5.0
184,The Tall Man,5.9
185,Tengo ganas de ti,7.0
186,Much Ado About Nothing,7.2
187,Vamps,5.1
188,Twice Born,7.4
189,Gambit,5.7
190,The Factory,5.8
191,Celeste & Jesse Forever,6.6
192,Hope Springs,6.3
193,Broken,7.3
194,A Thousand Words,5.9
195,So Undercover,5.0
196,Hoo-goong: Je-wang-eui cheob,6.1
197,Into the White,7.2
198,Steekspel,6.0
199,Robot & Frank,7.1
200,No One Lives,6.0
201,Grabbers,6.3
202,Compliance,6.4
203,Rites of Passage,4.1
204,StreetDance 2,5.7
205,Mac & Devin Go to High School,4.5
206,Cockneys vs Zombies,5.9
207,Paranormal Activity 4,4.6
208,Foodfight!,1.7
209,"For a Good Time, Call...",6.0
210,Sexual Chronicles of a French Family,5.3
211,The Angels' Share,7.0
212,After,5.4
213,Barfi!,8.2
214,Ginger & Rosa,6.3
215,Bait,5.2
216,Casa de mi Padre,5.5
217,Emperor,6.5
218,Den skaldede frisør,6.6
219,The ABCs of Death,4.7
220,Angels of Sex,6.6
221,Bad Ass,5.5
222,Arthur Newman,5.7
223,Bel Ami,5.4
224,Universal Soldier: Day of Reckoning,5.0
225,Smashed,6.8
226,Fun Size,5.4
227,Sushi Girl,6.0
228,The Sapphires,7.1
229,Sightseers,6.5
230,Fast Girls,6.3
231,Laurence Anyways,7.6
232,The Reluctant Fundamentalist,6.9
233,Apartment 1303 3D,2.6
234,Erased,6.1
235,The Sweeney,6.1
236,The Guilt Trip,5.8
237,At Any Price,5.7
238,The Pact,5.8
239,It's Such a Beautiful Day,8.3
240,Jab Tak Hai Jaan,6.8
241,Spike Island,6.4
242,What Maisie Knew,7.5
243,Kapringen,7.2
244,Smiley,3.5
245,The Magnificent Eleven,3.5
246,Cleanskin,6.3
247,Renoir,6.6
248,Outpost: Black Sun,5.0
249,Attack of the Jurassic Shark,1.5
250,Brake,6.1
251,English Vinglish,7.9
252,Christmas Miracle,5.1
253,The Courier,4.5
254,Barbara,7.2
255,Lay the Favorite,4.8
256,Private Peaceful,6.2
257,Sleepwalk with Me,6.8
258,Wadjda,7.6
259,Girl Most Likely,5.8
260,The Bay,5.6
261,28 Hotel Rooms,5.8
262,Chained,6.4
263,Hyde Park on Hudson,5.9
264,Aftershock,4.8
265,"Guns, Girls and Gambling",5.5
266,Secret of the Wings,7.2
267,The Devil Inside,4.2
268,"Farewell, My Queen",6.3
269,Le Chef,6.6
270,Quartet,6.8
271,My Awkward Sexual Adventure,6.1
272,Marfa Girl,5.4
273,Breaking the Girls,5.0
274,Save the Date,5.8
275,Grave Encounters 2,5.2
276,Struck by Lightning,6.4
277,Agneepath,7.0
278,To Write Love on Her Arms,6.6
279,Antiviral,5.7
280,Thunderstruck,5.2
281,Wish You Were Here,5.9
282,B.A. Pass,6.6
283,Shadow Dancer,6.2
284,The Conspiracy,6.3
285,Out in the Dark,7.6
286,Talaash,7.3
287,Madea's Witness Protection,4.8
288,Being Flynn,6.4
289,Generation Um...,4.1
290,Fetih 1453,7.3
291,Eden,6.7
292,Big Miracle,6.5
293,Freelancers,4.6
294,Ill Manors,7.1
295,Starship Troopers: Invasion,5.9
296,Sparkle,5.7
297,Eungyo,6.8
298,Celebrity Sex Tape,2.9
299,The Color of Time,4.5
300,Transit,5.8
301,The Seasoning House,6.1
302,41,6.9
303,One in the Chamber,5.2
304,The Babymakers,5.0
305,U.F.O.,3.1
306,Stitches,5.7
307,Interview with a Hitman,6.4
308,Hemel,5.7
309,Call Girl,6.5
310,And While We Were Here,5.8
311,Breaking Wind,2.4
312,A Fantastic Fear of Everything,5.9
313,Tiger Eyes,6.4
314,Mr. Pip,7.2
315,Kahaani,8.2
316,Tim and Eric's Billion Dollar Movie,5.3
317,Unconditional,7.2
318,Goats,5.9
319,A Late Quartet,7.1
320,Girls Against Boys,4.8
321,Nobody Walks,5.4
322,Snabba cash II,6.2
323,Berberian Sound Studio,6.2
324,Jack & Diane,4.5
325,Confession of Murder,7.1
326,Bez wstydu,5.4
327,[REC] 3: Genesis,5.0
328,Dracula 3D,3.6
329,Djúpið,6.7
330,Berserk: The Golden Age Arc I - The Egg of the King,7.7
331,Silent Night,5.2
332,Paan Singh Tomar,8.3
333,Not Fade Away,6.0
334,Jayne Mansfield's Car,6.3
335,When the Lights Went Out,5.4
336,Jism 2,3.0
337,Gallowwalkers,3.6
338,Astérix and Obélix: God Save Britannia,5.3
339,Dark Tide,4.3
340,Ernest & Celestine,7.9
341,Maximum Conviction,4.9
342,Community,4.3
343,Good Deeds,5.4
344,Kiss of the Damned,5.6
345,The Guest House,3.6
346,The Giant Mechanical Man,6.7
347,Lola Versus,5.4
348,Girl in Progress,5.6
349,Branded,4.7
350,Still Mine,7.4
351,Santa Paws 2: The Santa Pups,5.2
352,The Falls,6.5
353,Bad Kids Go to Hell,4.5
354,Walking the Halls,5.9
355,The Thieves,6.8
356,Hypnotisören,5.6
357,Unfinished Song,7.0
358,K-11,5.2
359,Populaire,6.9
360,Lore,7.1
361,Gayby,6.0
362,"3, 2, 1... Frankie Go Boom",6.0
363,Filly Brown,5.7
364,Les infidèles,5.3
365,Zambezia,5.8
366,Meeting Evil,5.3
367,Love Never Dies,7.1
368,7 días en La Habana,6.1
369,Hello I Must Be Going,6.2
370,Truth or Die,5.6
371,For Greater Glory: The True Story of Cristiada,6.6
372,Yellow,5.8
373,Dorothy and the Witches of Oz,4.6
374,What's in a Name?,7.3
375,Bloodwork,5.2
376,Middle of Nowhere,6.5
377,The Scapegoat,7.2
378,Mine Games,5.3
379,Dupa dealuri,7.6
380,A Glimpse Inside the Mind of Charles Swan III,4.8
381,Small Apartments,6.1
382,La fille de nulle part,6.2
383,Cocktail,6.2
384,Shahid,8.3
385,The Forger,5.4
386,Black Rock,4.7
387,Extracted,6.6
388,A Coffee in Berlin,7.4
389,2 Days in New York,6.0
390,Ta-weo,6.5
391,The Devil's Carnival,6.5
392,12 Dogs of Christmas: Great Puppy Rescue,5.0
393,Reisen til julestjernen,5.9
394,Electrick Children,6.9
395,Resolution,6.2
396,What Richard Did,6.3
397,Keep the Lights On,6.3
398,Wrong,6.2
399,Girls Gone Dead,3.5
400,Hon zin,6.7
401,Imaginaerum,6.3
402,LUV,5.9
403,Atlas Shrugged II: The Strike,5.4
404,Greetings from Tim Buckley,6.1
405,Area 407,3.6
406,Beyond Outrage,6.7
407,The End of Love,6.0
408,Best Man Down,6.4
409,Pusher,5.5
410,Under the Bed,4.6
411,Student of the Year,5.5
412,Everybody Has a Plan,5.5
413,Housefull 2,5.4
414,El Gringo,5.4
415,Rise of the Zombies,4.0
416,The Rise,6.6
417,Won't Back Down,6.5
418,Klip,5.8
419,Nativity 2: Danger in the Manger!,5.4
420,The Liability,5.9
421,The Facility,4.7
422,Citadel,5.5
423,Jewtopia,4.4
424,Black & White & Sex,5.7
425,Blood,6.0
426,Joven y Alocada,6.1
427,Do You Like My Basement,3.4
428,Found,5.9
429,Du zhan,7.0
430,The Battery,6.4
431,The Girl from the Naked Eye,4.9
432,Aku no kyôten,6.7
433,ThanksKilling 3,3.4
434,Bumchoiwaui junjaeng: Nabbeunnomdeul jeonsungshidae,7.2
435,Después de Lucía,7.2
436,A Dark Truth,5.6
437,Hotel Noir,5.9
438,Columbus Circle,6.0
439,Snow White,7.5
440,Grupo 7,6.5
441,It's a Disaster,6.5
442,Mysterious Island,3.5
443,Mental,6.2
444,Lemale et ha'halal,6.7
445,Post Tenebras Lux,6.6
446,McKenna Shoots for the Stars,6.0
447,Storage 24,4.4
448,Little Red Wagon,6.3
449,The Last Ride,5.8
450,Rise of the Black Bat,1.4
451,Offender,6.1
452,Evangerion shin gekijôban: Kyu,7.0
453,Sir Billi,4.7
454,Flukt,6.1
455,30 Beats,4.1
456,OMG: Oh My God!,8.3
457,Neuk-dae-so-nyeon,7.4
458,Dead Before Dawn 3D,5.0
459,The Dinosaur Project,4.7
460,Ambrosia,4.1
461,Soldiers of Fortune,4.3
462,Strippers vs Werewolves,3.1
463,Space Milkshake,7.2
464,Las aventuras de Tadeo Jones,5.9
465,Yi jiu si er,6.9
466,Move On,5.8
467,Cirque du Soleil: Worlds Away,6.8
468,Something in the Air,6.4
469,Hellbenders,4.8
470,Playback,4.2
471,Good Vibrations,7.2
472,Like Someone in Love,7.0
473,Io e te,6.6
474,Saints and Soldiers: Airborne Creed,5.6
475,Da-reun na-ra-e-seo,6.4
476,Dragon Eyes,4.5
477,In Their Skin,5.3
478,She Wants Me,6.3
479,Sover Dolly på ryggen?,5.9
480,Any Day Now,7.5
481,Amber Alert,4.5
482,Darling Companion,5.1
483,Teddy Bear,7.2
484,7 Below,3.2
485,Hirokin: The Last Samurai,3.4
486,Noobz,4.9
487,Heroine,5.0
488,Vittra,5.0
489,Snow Queen,5.3
490,Wi-heom-han gyan-gye,5.9
491,Inch'Allah,6.9
492,Hate Story,5.2
493,Cheerful Weather for the Wedding,5.6
494,One Piece Film Z,8.0
495,My Brother the Devil,6.6
496,The Letter,3.7
497,Fin,4.9
498,The Motel Life,6.0
499,Trade of Innocents,5.4
500,Black November,5.6
501,Freaky Deaky,6.5
502,Butcher Boys,3.5
503,Cowgirls 'n Angels,6.1
504,No Vacancy,4.2
505,Piggy,5.6
506,Cockpit,5.7
507,Un bonheur n'arrive jamais seul,6.5
508,Les saveurs du Palais,6.4
509,E la chiamano estate,4.5
510,ACAB - All Cops Are Bastards,6.6
511,Blue Like Jazz,5.9
512,Die Wand,6.8
513,16-Love,5.8
514,The Barrens,4.6
515,Inescapable,5.2
516,Why Stop Now?,5.6
517,Stash House,4.9
518,Knife Fight,5.1
519,Run for Your Wife,2.5
520,100 Bloody Acres,6.0
521,Am Himmel der Tag,7.0
522,Freeloaders,4.3
523,Türkisch für Anfänger,5.9
524,Papadopoulos & Sons,6.1
525,L'enfant d'en haut,7.1
526,Harodim,5.4
527,The Girl,6.2
528,Just Like a Woman,5.6
529,A Little Bit Zombie,5.3
530,Ce que le jour doit à la nuit,7.6
531,Un plan parfait,6.3
532,Linhas de Wellington,6.2
533,"I, Anna",6.1
534,Hamilton: I nationens intresse,6.3
535,Dark Tourist,5.0
536,Simon Killer,6.3
537,The Oogieloves in the Big Balloon Adventure,6.6
538,Neighboring Sounds,7.1
539,Ek Tha Tiger,5.4
540,Puhdistus,7.1
541,Hello Herman,5.8
542,The Kitchen,5.0
543,8 Minutes Idle,5.4
544,The Comedy,6.5
545,Hua pi 2,6.3
546,Gut,3.9
547,Shiver,4.7
548,40 Days and Nights,2.4
549,Suspension of Disbelief,4.4
550,Battlefield America,2.6
551,Borrowed Time,5.9
552,The Fitzgerald Family Christmas,6.3
553,White Frog,6.9
554,Kulman pojat,6.2
555,Resident Evil: Damnation,6.5
556,In a Small World,7.8
557,Between Us,4.6
558,Not Suitable for Children,5.9
559,Red Hook Summer,5.0
560,Ahí va el diablo,5.7
561,The Thompsons,4.7
562,The Last Will and Testament of Rosalind Leigh,5.3
563,"Little Brother, Big Trouble: A Christmas Adventure",5.9
564,"Syngué sabour, pierre de patience",7.1
565,4Some,5.7
566,King Kelly,5.1
567,Vicky Donor,7.8
568,Entity,4.7
569,Hoa-cha,6.7
570,The Skinny,6.4
571,Smitty,5.3
572,Evidence,5.1
573,Attack of the 50 Foot Cheerleader,4.5
574,The Philly Kid,5.7
575,Le capital,6.5
576,Eega,7.9
577,Ticket Out,4.7
578,The Perfect Wedding,6.3
579,Tell No One,6.6
580,Hoi-sa-won,6.7
581,2 Coelhos,7.4
582,True Bloodthirst,4.1
583,Ao no ekusoshisuto: Gekijouban,7.3
584,Tong que tai,5.6
585,Come Out and Play,4.7
586,Cloclo,6.9
587,Crawlspace,4.8
588,Ashes,5.6
589,Adventures in the Sin Bin,5.6
590,Bigfoot: The Lost Coast Tapes,4.5
591,The Knot,4.4
592,Belyy tigr,6.1
593,Sorority Party Massacre,3.4
594,The Day of the Siege: September Eleven 1683,4.1
595,Christmas Oranges,6.7
596,Fred 3: Camp Fred,3.3
597,If I Were You,7.1
598,Johan Falk: Kodnamn: Lisa,7.5
599,Qing mi,5.2
600,Tower Block,5.9
601,Augustine,6.0
602,Le guetteur,5.7
603,Love or Whatever,5.7
604,Love Bite,4.5
605,The People I've Slept With,4.9
606,FDR: American Badass!,5.4
607,Among Friends,4.5
608,The Adventures of Mickey Matson and the Copperhead Treasure,5.0
609,You & Me Forever,5.6
610,I Want Your Love,5.1
611,Sassy Pants,6.2
612,Berserk: The Golden Age Arc II - The Battle for Doldrey,7.9
613,The History of Future Folk,7.4
614,Dysfunctional Friends,5.4
615,Halloween: Resurgence,5.3
616,The Butterfly Room,5.6
617,The Attack,7.1
618,Rufus,6.2
619,Tomorrow You're Gone,3.7
620,Vampire Dog,4.4
621,Pieta,7.2
622,The Reef 2: High Tide,3.9
623,Road to Ninja: Naruto the Movie,7.8
624,You Can't Kill Stephen King,3.8
625,De Marathon,7.5
626,Assassin's Bullet,3.6
627,Kelly + Victor,5.7
628,Le magasin des suicides,6.2
629,Elefante blanco,6.5
630,A Turtle's Tale 2: Sammy's Escape from Paradise,5.7
631,Fresh Meat,5.3
632,Beyond,4.8
633,Revenge for Jolly!,4.6
634,Gwanghae: Wangyidoen namja,7.9
635,Mars et Avril,6.0
636,Crave,5.4
637,Nobels testamente,5.9
638,À perdre la raison,6.8
639,Paradies: Liebe,7.1
640,For Ellen,6.0
641,Free Samples,5.6
642,Rogue Assassin,6.1
643,Static,5.4
644,Father's Chair,6.7
645,Imagine,7.4
646,Paris-Manhattan,6.2
647,Last Kind Words,4.9
648,Keith Lemon: The Film,2.6
649,Dawn Rider,4.8
650,Captive,6.1
651,St George's Day,5.1
652,Shanghai Calling,6.3
653,Easy Rider 2: The Ride Home,3.0
654,De l'autre côté du périph,5.8
655,Nipples & Palm Trees,3.5
656,Thuppakki,7.8
657,Zombies Vs. Strippers,3.5
658,The Ghastly Love of Johnny X,5.7
659,Little Thirteen,5.5
660,House on the Hill,2.9
661,Reality,6.7
662,Best Laid Plans,6.3
663,Arcadia,6.2
664,1 Nighter,6.1
665,Para Elisa,4.2
666,Refuge,5.9
667,Dead Souls,4.5
668,See Girl Run,5.1
669,Jackie,6.9
670,We the Party,4.3
671,Cloned: The Recreator Chronicles,4.3
672,6 Plots,3.8
673,The We and the I,6.1
674,Zwei Leben,7.1
675,407 Dark Flight 3D,4.2
676,Detention of the Dead,4.6
677,The Encounter: Paradise Lost,6.3
678,Airborne,3.9
679,The Yellow Wallpaper,5.6
680,Midnight's Children,6.1
681,In-lyu-myeol-mang-bo-go-seo,5.9
682,La mante religieuse,5.8
683,Foxfire,6.1
684,Devoured,5.4
685,2 Jacks,4.9
686,Hannah Arendt,7.1
687,Divorce Invitation,4.6
688,Caroline and Jackie,6.8
689,Morgan,6.9
690,Rowdy Rathore,5.8
691,Osombie,3.7
692,The Story of Luke,7.2
693,L'homme qui rit,6.0
694,Overnight,5.2
695,War Flowers,4.2
696,La vida precoz y breve de Sabina Rivas,6.9
697,Tabu,7.4
698,Bekas,7.5
699,Rogue River,4.3
700,Tráiganme la Cabeza de la Mujer Metralleta,5.6
701,Last Hours in Suburbia,5.7
702,The Diary of Preston Plummer,6.2
703,The Ghostmaker,4.9
704,Breathless,5.0
705,Infected,2.8
706,Tai Chi Hero,6.2
707,The Time Being,5.5
708,Dead Man's Burden,5.4
709,I Will Follow You Into the Dark,4.6
710,Pizza,8.1
711,Fat Kid Rules the World,6.5
712,Paradis perdu,5.8
713,Bending the Rules,5.1
714,Border Run,4.2
715,The Haunting of Helena,4.7
716,Switchmas,5.9
717,Errors of the Human Body,5.3
718,Radiostars,6.1
719,Confession of a Child of the Century,4.2
720,Elf-Man,3.6
721,Svartur á leik,6.8
722,Una noche,6.9
723,Find Me,5.8
724,Dead Season,4.8
725,Scary or Die,4.0
726,Una pistola en cada mano,6.5
727,A Liar's Autobiography: The Untrue Story of Monty Python's Graham Chapman,5.9
728,"Inara, the Jungle Girl",2.2
729,Crowsnest,3.8
730,The Wedding Video,5.4
731,Bad Boy Street,6.3
732,Les Kaïra,5.4
733,Hidden Moon,6.0
734,O Theos agapaei to haviari,6.0
735,Die Vermessung der Welt,5.8
736,Magnifica presenza,6.7
737,Petunia,5.0
738,7 Boxes,7.2
739,Least Among Saints,6.4
740,Allegiance,4.7
741,Tai Chi Zero,6.1
742,Where the Dead Go to Die,4.4
743,Tezz,3.9
744,Dino Time,4.7
745,Thale,5.6
746,The Fourth Dimension,6.1
747,Last Call,4.5
748,Do Not Disturb,4.9
749,Halloween Awakening: The Legacy of Michael Myers,6.0
750,Any Questions for Ben?,5.8
751,Jue se wu qi,4.9
752,Dollhouse,4.9
753,Fairhaven,5.2
754,Alter Egos,5.2
755,I Do,6.6
756,Sleepaway Camp IV: The Survivor,1.6
757,The Sleeper,4.0
758,Twenty8k,4.8
759,Belle du Seigneur,5.3
760,Doctor Faustus,8.3
761,Ambush at Dark Canyon,4.9
762,Bad Karma,4.5
763,Excuse Me for Living,4.8
764,Ship of Theseus,8.1
765,Sexual Tension: Volatile,6.2
766,Neethaane En Ponvasantham,6.5
767,Queens of Country,5.4
768,Forgetting the Girl,5.2
769,Comes a Bright Day,6.1
770,Amazing Love,6.7
771,Dead Mine,4.6
772,Model Minority,6.8
773,The Rise & Fall of a White Collar Hooligan,5.2
774,Riot,4.7
775,The Aggression Scale,5.9
776,Gyakuten saiban,6.7
777,Shoo bre,4.0
778,Silent But Deadly,6.0
779,Bye Bye Blondie,5.2
780,Sadako 3D,3.8
781,Bert & Dickie,6.7
782,Thanatomorphose,4.7
783,Price Check,5.5
784,Der kleine Rabe Socke,6.7
785,Jik zin,6.0
786,Monsters in the Woods,2.2
787,Nature Calls,3.9
788,Thérèse,6.1
789,My Best Day,5.2
790,Hate Crime,5.1
791,The Lesser Blessed,6.2
792,3 Day Test,4.6
793,Les chevaux de Dieu,7.3
794,California Solo,6.2
795,À l'aveugle,5.7
796,5 cm,7.3
797,Ishaqzaade,6.6
798,Tutti i santi giorni,6.8
799,Grassroots,5.3
800,Ma première fois,6.1
801,Shell,6.4
802,Yossi,7.1
803,Puppet Master X: Axis Rising,4.2
804,Due West: Our Sex Journey,5.4
805,Camille redouble,6.3
806,Maasiya Urbanit,6.6
807,The Last Push,5.4
808,Filmistaan,7.3
809,Dragon Age: Dawn of the Seeker,5.9
810,À coeur ouvert,5.4
811,El cielo en tu mirada,5.7
812,Sur la piste du Marsupilami,5.5
813,Ek Main Aur Ekk Tu,5.8
814,Wings,3.2
815,Cameraman Ganga tho Rambabu,5.8
816,Note to Self,6.3
817,For the Love of Money,4.5
818,Süskind,6.9
819,Sione's 2: Unfinished Business,6.0
820,Hatfields and McCoys: Bad Blood,3.9
821,Le jour des corneilles,7.3
822,Shanghai,7.3
823,Mafia,4.1
824,The Lies We Tell But the Secrets We Keep,5.7
825,Jianshi liu baiyuan,6.5
826,The Illusionauts,3.2
827,The Frozen,4.3
828,Habibie & Ainun,7.7
829,The Discoverers,5.6
830,The Domino Effect,6.3
831,The Outback,4.7
832,Ritual,5.4
833,Hayride,3.4
834,Montana Amazon,4.9
835,The Adventures of Panda Warrior,3.8
836,Comedown,4.7
837,Fasle kargadan,6.6
838,Devil Seed,4.2
839,Hijacked,3.8
840,Blackbird,7.1
841,Murder on the 13th Floor,4.9
842,Somebody Up There Likes Me,5.8
843,Creeper,5.3
844,Emmanuelle Through Time: Rod Steele 0014 & Naked Agent 0069,5.6
845,I Am Not a Hipster,6.7
846,War of the Worlds: Goliath,5.4
847,The Exhibitionists,6.7
848,I Declare War,6.0
849,Daddy's Little Girl,5.8
850,Khiladi 786,4.3
851,Me Again,5.9
852,I Am ZoZo,3.6
853,Fuck Up,5.9
854,Betrayal,6.3
855,Terumae romae,6.4
856,Department,3.3
857,Broken Kingdom,6.0
858,The Mark,3.8
859,Maladies,5.3
860,Gong-mo-ja-deul,6.4
861,Underground: The Julian Assange Story,6.8
862,Da Wu Dang zhi tian di mi ma,5.3
863,Life Is Beautiful,6.5
864,Crooked Arrows,6.1
865,Killjoy Goes to Hell,5.2
866,Agent Hamilton: But Not If It Concerns Your Daughter,5.5
867,The Warning,2.8
868,After Death,4.2
869,Miss Lovely,6.7
870,We Were Children,7.4
871,Roundabout American,5.8
872,Lord of Darkness,4.5
873,"Incomplete: A Story of Love, Desire and Deception",6.5
874,Sadistic Eroticism,7.5
875,An...,6.9
876,"Kirishima, bukatsu yamerutteyo",7.4
877,The Unlikely Girl,5.3
878,Achtste-groepers huilen niet,7.5
879,Paraísos Artificiais,6.5
880,Childish Games,5.5
881,Four,5.8
882,Boner,7.4
883,The Rafters,7.0
884,The Cottage,4.8
885,Dead Europe,5.4
886,Hitman,5.8
887,The Marriage Chronicles,4.9
888,Crazy Eyes,4.0
889,Elvis Found Alive,5.3
890,Dukhless,6.5
891,The Child,4.2
892,Brother White,6.0
893,Rebelle,7.1
894,Players,4.0
895,Hardflip,5.6
896,Santa's Summer House,3.4
897,Chittagong,7.2
898,Araf,6.2
899,Moving Day,5.5
900,Shal,7.2
901,Inhuman Resources,5.8
902,Zenne Dancer,7.2
903,Bojhena Shey Bojhena,7.7
904,Bigfoot County,2.9
905,Bad Blood,5.8
906,Not Waving But Drowning,6.3
907,Marie Krøyer,6.4
908,Son of Sardaar,3.9
909,Les Pee-Wee 3D: L'hiver qui a changé ma vie,6.6
910,Black Out,6.4
911,La vie d'une autre,6.3
912,Money Fight,4.5
913,Kuma,6.7
914,Aiyyaa,4.3
915,Ljudozder vegetarijanac,7.2
916,Jan Dara pathommabot,5.7
917,Raaz 3: The Third Dimension,3.9
918,Diaz - Don't Clean Up This Blood,7.3
919,Last Ounce of Courage,4.3
920,Eu te amo Renato,5.3
921,No Tell Motel,3.4
922,Ayalum Njanum Thammil...,7.9
923,Unicorn City,5.7
924,Halimin put,8.2
925,Picture Day,6.4
926,Lizzie,2.5
927,Barricade,4.5
928,Deranged,3.1
929,Visible Scars,3.4
930,Please Kill Mr. Know It All,4.7
931,S#x Acts,6.1
932,Yeto Vellipoyindhi Manasu,7.2
933,Fairy Tail: Priestess of the Phoenix,7.3
934,Paradox Alice,3.8
935,Teri Meri Kahaani,4.7
936,Night of the Living Dead: Resurrection,2.7
937,Tasher Desh,6.2
938,Gekijouban Blood-C: The Last Dark,6.1
939,The Men Next Door,5.7
940,Because I Love You,3.7
941,Bloody Homecoming,3.6
942,Alles is familie,6.7
943,The Man Who Shook the Hand of Vicente Fernandez,6.2
944,Inside the Whore,2.1
945,2 + 2,6.4
946,Poklosie,7.3
947,Sleeper's Wake,5.6
948,Mosquita y Mari,6.1
949,Rasskazy,7.1
950,Kagi-dorobô no mesoddo,7.4
951,Love Sick Love,5.0
952,Die Wonderwerker,7.2
953,Zhit,7.3
954,In Our Nature,5.7
955,Mumbai's King,6.8
956,The Night Never Sleeps,8.0
957,Ha-wool-ling,6.2
958,Another Dirty Movie,3.7
959,In the House of Flies,4.9
960,Ferrari Ki Sawaari,6.5
961,The Playroom,5.3
962,Trois mondes,6.6
963,The Haunting of Whaley House,3.9
964,My Name Is 'A' by Anonymous,8.1
965,Hold Your Breath,3.2
966,Schutzengel,5.8
967,Dabangg 2,4.9
968,Promoción fantasma,6.4
969,Beauty and the Least: The Misadventures of Ben Banks,4.1
970,Animals,6.1
971,Slumber Party,0
972,Welcome Home,6.2
973,Kill Zombie!,4.9
974,Eye of the Hurricane,5.5
975,Blood Money,3.3
976,I.D.,7.1
977,Legion of the Black,7.9
978,Black Box,4.1
979,"Joshua Tree, 1951: A Portrait of James Dean",5.7
980,Ex-Girlfriends,4.6
981,The Artist and the Model,6.6
982,Paulette,6.6
983,Sune i Grekland - All Inclusive,4.0
984,The Pelayos,5.3
985,I-ut saram,6.4
986,Boogie Town,6.5
987,Nanban,7.7
988,Nae anaeui modeun geot,6.7
989,Mona,7.2
990,All the Light in the Sky,6.3
991,Ludwig II,5.9
992,Little Monsters,4.9
993,186 Dollars to Freedom,5.2
994,Night of the Living Dead 3D: Re-Animation,3.0
995,Er ci pu guang,5.5
996,Kauwboy,7.2
997,Immaturi - Il viaggio,5.9
998,A Kiss and a Promise,5.3
999,Des morceaux de moi,7.3
